"","county","first_fqhc","first_share","second_fqhc","second_share","third_fqhc","third_share","fourth_fqhc","fourth_share","fifth_fqhc","fifth_share","tot_pop","num_fqhc","num_patients","pop_low_income","unserved_low_income","unserved_total_pop","unserved_uninsured","unserved_medicaid_public","unserved_medicaid_private","low_income_pen","tot_pop_pen","uninsured_pen","medicaid_pen","uninsured","medicaid_pub_ins","medicaid_priv_ins","pop_poverty","pop_minority","pop_hispanic_latino","pop_black","pop_asian","pop_ai_an","pop_nh","pop_opi","pop_white","pop_mixed","pop_uninsured","pop_medicaid_pub","pop_medicaid_priv","pop_school_age","pop_65_and_up","pop_unemployed","pop_houses_limited_english","pop_less_than_high_school","pop_vets","pop_disability","pop_unins_under_200"
"1","Anderson County","CHEROKEE HEALTH SYSTEMS",0.791451090103182,"COMMUNITY HEALTH OF EAST TENNESSEE",0.156131559754837,"MORGAN COUNTY HEALTH COUNCIL, INC.",0.0446630851782949,"MOUNTAIN PEOPLE'S HEALTH COUNCILS, INC.",0.00775426496368602,NA,0,73955,17,2631,24791,22160,71324,7546,12664,53405,0.106493463267012,0.0355756879481049,0.0548510990286728,0.0866543833623623,0.179623091244597,0.457162669448058,0.363214239307345,0.156723833827598,0.113839497470218,0.0323710373466297,0.0351970774922588,0.0142113444873234,0.00540861630721385,0,0.000364802920695017,0.905347845286593,0.0280747481576634,0.104896161575923,0.181937200038857,0.71316663842831,0.15645569603137,0.201757825669974,0.465042602352782,0.0099383767792225,0.127160955067271,0.101203285781894,0.22430507741194,0.580745318098844
"2","Bedford County","RUTHERFORD COUNTY PRIMARY CARE INC.",0.800643929028666,"MAURY REGIONAL HOSPITAL",0.100406743931643,"MERCY HEALTH SERVICES, INC.",0.0446970810104902,"MATTHEW WALKER HEALTH CENTER",0.0233701982429593,"UNIVERSITY COMMUNITY HEALTH SERVICES, INC. D/B/A CONNECTUS HEALTH",0.0175276487182346,47673,11,1077,18714,17637,46596,4311,8939,34091,0.0602931130864787,0.0225914039569987,0.0606334481746292,0.022749457329996,0.2577471855774,0.191703095433304,0.550549718989296,0.137464489773457,0.241394501783819,0.127199884528349,0.081744382231242,0.00201371553353051,0.00314628219327502,0,0.000720302896817905,0.843622176113523,0.0269604178465798,0.0949568387942294,0.189147037812632,0.715896123405691,0.191435760283599,0.148448807471628,0.406899829463218,0.0285868063419252,0.178124871499591,0.0812566022696285,0.195729008033898,0.578353869066348
"3","Benton County","PERRY COUNTY MEDICAL CENTER, INC.",0.729846272346032,"HARDIN COUNTY REGIONAL HEALTH CENTER",0.0571641755063542,NA,0,NA,0,NA,0,16367,3,46,7252,7206,16321,1614,3090,11348,0.00754347873653443,NA,NA,NA,0.349029109798314,0.295254835779013,0.142726502196359,0.195313605193377,0.0724628868295961,0.0247449099627299,0.0297549944369768,0.00171076265534307,0.00397135369951732,0,0,0.949043804518238,0.014736359748274,0.101786873029663,0.194418775634967,0.70379435133537,0.147007270727684,0.236940184528692,0.55701483796664,0.00273027228162767,0.173056603714792,0.100196554041669,0.311753589539928,0.637522514816399
"4","Bledsoe County","OCOEE REGIONAL HEALTH CORPORATION",0.8905950096,"TENNESSEE STATE DEPARTMENT OF HEALTH",0.1094049904,NA,0,NA,0,NA,0,12199,2,1042,4739,3697,11157,1112,2399,6215,0.2198776113,0.0854168374,0.1900946832,0.1051846326,0.2504798464,0.2706333973,0.4788867562,0.21017257,0.13484712,0.02229691,0.0402492,0.00081974,0.021067,0,0,0.88146569,0.049,0.1275074294,0.2489784547,0.6235141159,0.138,0.1680465612,0.532408,0.0053407935,0.221475,0.08,0.288,0.722
"5","Blount County","CHEROKEE HEALTH SYSTEMS",0.928410519839999,"CHOTA COMMUNITY HEALTH SERVICES",0.0664712609249021,"UNIVERSITY COMMUNITY HEALTH SERVICES, INC. D/B/A CONNECTUS HEALTH",0.00511821923509937,NA,0,NA,0,123327,17,5643,36284,30641,117684,11135,13324,93647,0.152828625037464,0.045756403683787,0.0951092745729394,0.173646289303315,0.20593806447526,0.507744398072835,0.286317537451667,0.113973770355721,0.0931507314953741,0.0355477729836127,0.0277554810305935,0.00805176475581178,0.00239173846765104,0,0.000283003721812742,0.937418407682665,0.0197039091196575,0.0996604135860947,0.131052219026484,0.769287367389163,0.156454036828918,0.200264337906008,0.432179440309097,0.00747831587234993,0.109635637792211,0.0976278673769734,0.169546506442223,NA
"6","Bradley County","OCOEE REGIONAL HEALTH CORPORATION",0.90625592571328,"ERLANGER MEDICAL CENTER",0.0623195182056401,"CHEROKEE HEALTH SYSTEMS",0.0314245560810801,NA,0,NA,0,108827,13,3443,36590,33147,105384,10809,18930,75075,0.0926652871738503,0.031637369403489,0.118498441570234,0.0398495632674327,0.444692038647183,0.225492834378636,0.329815127010665,0.160614485767686,0.145101859141573,0.0617769506689516,0.051338361971202,0.0118628662329201,0.00196648295919211,0,0.00028839350528821,0.897148683942588,0.0183812013562811,0.114261202743746,0.183622497148142,0.702116300075009,0.166026390509708,0.169378922512708,0.424224562516655,0.014616840310354,0.146998094958053,0.0755243551692135,0.211117369770369,0.614338243266836
"7","Campbell County","COMMUNITY HEALTH OF EAST TENNESSEE",0.801568813028087,"CHEROKEE HEALTH SYSTEMS",0.113138901549073,"MOUNTAIN PEOPLE'S HEALTH COUNCILS, INC.",0.061367009507866,"DAYSPRING FAMILY HEALTH CENTER, INC.",0.0232596229511704,"MOUNTAIN PEOPLE'S HEALTH COUNCILS, INC.",0.000665652950827575,37338,22,6715,16592,9877,30623,2152,6800,20248,0.401248221251827,0.179843590975307,0.363301095848806,0.242950852398423,0.197679745060343,0.326385969934164,0.475934285016219,0.212732287255879,0.0369596621608013,0.0148909958706947,0.00340136232256682,0.00439230919358295,0.00120523190851144,0,0,0.973271199345707,0.014201724784402,0.0945910587308399,0.251861003062671,0.653547938213999,0.152176040494938,0.204349456296639,0.522701326610959,0.00179842710190155,0.226926539798597,0.0824909207777599,0.313308479297231,0.665975761958327
"8","Cannon County","TENNESSEE STATE DEPARTMENT OF HEALTH",0.734650494508576,"RUTHERFORD COUNTY PRIMARY CARE INC.",0.265349505491424,NA,0,NA,0,NA,0,14575,8,896,4332,3436,13679,1173,2424,10106,0.204928199024803,0.0614751286701544,0.215680345353654,0.137949417515094,0.363429252101235,0.432656956430978,0.203913791428782,0.132948690631218,0.0508404831457976,0.0217495733241852,0.0190737543464837,0.000274440236706689,0.00144093756432247,0,0,0.966243568229846,0.00798147512864494,0.102122717052967,0.191957875538182,0.705919407353516,0.147161234991424,0.187512864522024,0.427142585248714,0.00475183962572899,0.145441878216123,0.0822792452830189,0.202875471698113,0.525509090909091
"9","Carroll County","HEALTH, TENNESSEE DEPT OF",0.0532647153425539,NA,0,NA,0,NA,0,NA,0,31090,1,22,12597,12575,31068,2981,5978,21476,0.0263473054,NA,NA,NA,0.0363168513689546,0.00968449369767771,0.00726337027592152,0.198068926219041,0.144483757734641,0.0241556781106465,0.0968156964474107,0.00347378686201351,0.00218723502733998,0,0,0.87664844024027,0.0190658732711483,0.0983650824132904,0.196575176061325,0.705059741550666,0.160077291733676,0.196912190429801,0.511777359729817,0.00402921345314571,0.166119476230299,0.0828266645223545,0.258985911868768,0.646176165969765
"10","Carter County","RURAL HEALTH SERVICES CONSORTIUM, INC.",0.699990102314499,"EAST TENNESSEE STATE UNIVERSITY",0.25827687823674,"CHEROKEE HEALTH SYSTEMS",0.0168296667632334,"SOUTHWEST VIRGINIA COMMUNITY HEALTH SYSTEMS, INC.",0.00889347289111486,NA,0,44535,11,3133,20351,17218,41402,4814,8038,27496,0.156819885960673,NA,NA,NA,0.343397286024471,0.208067624607271,0.432525209498493,0.23226289054721,0.0478949122894353,0.0169305047254968,0.0169754146626249,0.00507466133872235,0.0035027914224767,0,0.000753519703603907,0.966318624533513,0.00516845177949927,0.131855131735408,0.200911722723786,0.667233145466905,0.143466307398675,0.220747726476241,0.525419003929494,0.00111576868567194,0.17297971561693,0.103168249691254,0.257258919950601,0.68055704502077
"11","Cheatham County","MATTHEW WALKER HEALTH CENTER",0.420518016595115,"MERCY HEALTH SERVICES, INC.",0.257940232908925,"UNITED NEIGHBORHOOD HEALTH SERVICES, INC DBA NBHD HLTH",0.130985649912493,NA,0,NA,0,38734,8,251,9995,9744,38483,3621,5079,31027,0.0295970168268076,NA,NA,NA,0.545088160492216,0.113467073455597,0.15088866544906,0.111304655425466,0.0739660232583777,0.0297929489025146,0.0179428910161615,0.00475035025842929,0.00542169863685651,0,0.000393194609387102,0.945835697858987,0.0176775959105695,0.0945806512925363,0.128286133542738,0.777133215164726,0.170767491093096,0.140806526545392,0.377223589456292,0.00519414132285589,0.118055213636598,0.0857806578200031,0.160299530128569,0.498127149274539
"12","Chester County","HARDEMAN COUNTY COMMUNITY HEALTH CENTER",0.914444697260972,"HARDIN COUNTY REGIONAL HEALTH CENTER",0.0855553027390283,NA,0,NA,0,NA,0,15066,6,905,5330,4425,14161,919,2498,9530,0.17827029134629,0.0600690296257401,0.35737709793413,0.0735323023147484,0.576895534563175,0.207856588802974,0.215247876633851,0.163953954040887,0.16168857037037,0.0300013315412186,0.102482411632816,0.00511084898446834,0.000398566308243728,0,0,0.84514801260454,0.0242560732775787,0.103119500951706,0.193578984443927,0.703301514608257,0.161931501393867,0.168458781318744,0.503299987919819,0.00166180079928315,0.135259147617151,0.0877072879330944,0.156046594982079,0.581853577591929
"13","Christian County","PENNYROYAL HEALTHCARE SERVICE INC.",0.847826087,"MATTHEW WALKER HEALTH CENTER",0.152173913,NA,0,NA,0,NA,0,20311,2,92,7636,7544,20219,1710,3647,8242,0.0120481928,0.0045295653,0.0058139535,0.0084284937,0.1086956522,0.3369565217,0.5543478261,0.11750263,0.44271577,0.20333809,0.15459603,0.03165772,0.015164,0,0.007,0.70917237,0.065,0.1256299759,0.2686436345,0.6057263896,0.176,0.0005415785,0.200781,0.0345132743,0.029726,0.206,0.085,0.647
"14","Claiborne County","DAYSPRING FAMILY HEALTH CENTER, INC.",0.780153961836605,"CHEROKEE HEALTH SYSTEMS",0.11617702897854,"COMMUNITY HEALTH OF EAST TENNESSEE",0.0406295294588319,"ST. CHARLES HEALTH COUNCIL, INC.",0.0331790044492636,"GRACE COMMUNITY HEALTH CENTER, INC. D/B/A GRACE HEALTH",0.0245373083145998,33747,26,3785,14994,11209,29962,2647,6725,19087,0.244387327114401,NA,NA,NA,0.13862296084139,0.40130864890953,0.459060893284594,0.227757982179749,0.0476783145070673,0.0124159189978368,0.00951195731976176,0.00755622861054316,0.00361510220167719,0,0.00168453492162266,0.963433786075799,0.0139330014519809,0.098487565689202,0.256953473225561,0.644558961060402,0.138341037721872,0.19527661720032,0.544874357483628,0.00192124346360862,0.198676192965301,0.0806548730257504,0.265720982605861,0.589357750318547
"15","Clay County","TENNESSEE STATE DEPARTMENT OF HEALTH",0.834090818604582,"CUMBERLAND FAMILY MEDICAL CENTER",0.165909181395418,NA,0,NA,0,NA,0,5194,4,881,2730,1849,4313,268,666,3358,0.321959380797767,0.169618790938179,0.492519561672911,0.308007522232249,0.315320090764652,0.350529870761147,0.334150038551078,0.278860157385445,0.0824027731555641,0.0385059652060069,0.0352329589141317,0.0015402417077397,0,0,0,0.923758185987678,0.0130691182133231,0.10187578202474,0.185581278709318,0.712542939165941,0.159855795148248,0.2385444744366,0.59282201232191,0.0114588564701386,0.218682670003851,0.0774803619561032,0.214375433192145,0.849320754716981
"16","Cocke County","RURAL MEDICAL SERVICES, INC.",0.727811650104593,"CHEROKEE HEALTH SYSTEMS",0.26490014118473,"HOT SPRINGS HEALTH PROGRAM INC",0.00728820872157097,NA,0,NA,0,36818,15,8776,17825,9049,28042,3648,6268,18058,0.492862752909186,0.238361670918206,0.25427082020446,0.33933251807637,0.1404853206769,0.365048124821003,0.494466554577837,0.233554882616112,0.0651311885344125,0.0227334444472812,0.017980337119887,0.0018197625346298,0.00890857803248411,0,0.000108941278722364,0.949345426606008,0.020052257048183,0.132625697984179,0.258695389560625,0.608678912399538,0.148995817263295,0.212151664939152,0.53181158175349,0.000368857247639741,0.205733965125754,0.0997119343799229,0.280062062034874,0.618890977239394
"17","Coffee County","RUTHERFORD COUNTY PRIMARY CARE INC.",0.627632248871694,"TENNESSEE STATE DEPARTMENT OF HEALTH",0.317498640526957,"UNITED NEIGHBORHOOD HEALTH SERVICES, INC DBA NBHD HLTH",0.028738640518003,NA,0,NA,0,60351,8,399,21849,21450,59952,5565,10310,43396,0.0193837290950914,NA,NA,NA,0.500983585598259,0.129816897196708,0.343069047121688,0.135940756472138,0.111066925584994,0.0395685210520124,0.0371659098387765,0.00987556163692399,0.00150767612798462,0,0,0.90762373205183,0.0210061970804129,0.0969586714664413,0.173908748631315,0.729132579909099,0.172814236715216,0.175556328813516,0.435775922718762,0.00732755262813209,0.142634104173916,0.10094959487001,0.211236566088383,0.516506089377144
"18","Crockett County","HEALTH, TENNESSEE DEPT OF",0.691732973717593,"HEALTH, TENNESSEE DEPT OF",0.166797033025496,NA,0,NA,0,NA,0,14830,4,78,6302,6224,14752,1308,3062,9833,0.0142732915316761,NA,NA,NA,0.648242122851699,0.0797926500180782,0.130495233873311,0.169127386472016,0.251652056223196,0.101213753563722,0.126972350960216,0.00289952715711396,0.0011462117329737,0,0.000314362778152394,0.80121375623938,0.0207749831422792,0.0956994537795347,0.214794645038098,0.689505901182367,0.184341672285907,0.18536749833269,0.461822051382333,0.00347056921513149,0.197193001753203,0.0763295347269049,0.225717397167903,NA
"19","Cumberland County","TENNESSEE STATE DEPARTMENT OF HEALTH",0.985755051979186,"MORGAN COUNTY HEALTH COUNCIL, INC.",0.0142449480208143,NA,0,NA,0,NA,0,55433,9,3929,21531,17602,51504,3316,8244,39892,0.174586582087361,0.0708783576356647,0.326682508961959,0.135942981738057,0.450353531526358,0.341038175364408,0.208608293094054,0.139437839808057,0.0564104447592589,0.0299280237957534,0.0102826833460213,0.00368011921905724,0.00667444960583046,0,0,0.963758050513052,0.0126688615084877,0.0909252984965778,0.173555004710813,0.735519696822416,0.130684556130825,0.302563455011964,0.551957406454639,0.00358817114785777,0.137924414067433,0.129250067649234,0.248343243194487,0.625422004942904
"20","Davidson County","UNITED NEIGHBORHOOD HEALTH SERVICES, INC DBA NBHD HLTH",0.565006220219721,"MATTHEW WALKER HEALTH CENTER",0.258388854232972,"UNIVERSITY COMMUNITY HEALTH SERVICES, INC. D/B/A CONNECTUS HEALTH",0.131432791154707,"MERCY HEALTH SERVICES, INC.",0.0375512974376311,"MERCY HEALTH SERVICES, INC.",0.00625590757488051,704867,99,42451,223854,181403,662416,55181,92263,501846,0.169226803711053,NA,NA,NA,0.541623757293698,0.208511503262678,0.248735448361963,NA,0.429628568702152,0.101670243737443,0.264682555642823,0.0351442186487096,0.00225145629742916,0,0.000511146074365802,0.6477945480912,0.025438369224265,0.113959196456094,0.148007558617489,0.738033244930079,0.144834588652895,0.120431230286807,0.316305181551981,NA,0.111945371131008,0.0570708545016294,0.138067070809103,NA
"21","Decatur County","HARDIN COUNTY REGIONAL HEALTH CENTER",0.636617486362276,"PERRY COUNTY MEDICAL CENTER, INC.",0.312583976019867,NA,0,NA,0,NA,0,10394,6,598,4255,3657,9796,757,2222,6618,0.165507260122542,NA,NA,NA,0.257875350648624,0.295010400985405,0.396315710713075,0.170869305071195,0.0948624247498557,0.0146238198499134,0.0498364441745238,0,0,0,0,0.914085047956513,0.0348399076390225,0.0898510152714258,0.235796647728892,0.674352336990706,0.168168462574562,0.233500096195536,0.522506346642294,0,0.142550508562632,0.0701346930921686,0.195856744275544,0.6599813353858
"22","DeKalb County","TENNESSEE STATE DEPARTMENT OF HEALTH",0.949066779338615,"RUTHERFORD COUNTY PRIMARY CARE INC.",0.0509332206613854,NA,0,NA,0,NA,0,20096,6,1294,8260,6966,18802,1614,3935,12947,0.154883835050259,0.0643909235480792,0.283391815522149,0.103057881557962,0.498682830685395,0.351489860324965,0.149827309000513,0.195221440233877,0.122511943240446,0.0835987231085788,0.0169685512425358,0.0037818487196457,0.00403061703821656,0,0.000703423566878981,0.935210988553443,0.0161109175955414,0.113584594798925,0.222192258555001,0.664223146646074,0.156851015127389,0.16913813692803,0.480132868182723,0.000481702041351513,0.197569810260748,0.0731887937898089,0.212048467356688,0.656251094745223
"23","Dickson County","PERRY COUNTY MEDICAL CENTER, INC.",0.639329106436541,"UNIVERSITY COMMUNITY HEALTH SERVICES, INC. D/B/A CONNECTUS HEALTH",0.183821727155014,"MERCY HEALTH SERVICES, INC.",0.106899879329897,"MATTHEW WALKER HEALTH CENTER",0.0445618739744387,"UNITED NEIGHBORHOOD HEALTH SERVICES, INC DBA NBHD HLTH",0.0246601810611472,53628,17,912,18168,17256,52716,4745,7673,39950,0.0533818705071563,NA,NA,NA,0.551452236004505,0.157689223704628,0.290131308247904,0.135642987709033,0.105448644868352,0.0361564820526591,0.0417505798745059,0.0051838605696651,0.0047179057022451,0,0.000286473484000895,0.926456325661035,0.0181910009696427,0.0984546278117066,0.146523008629059,0.755022363577708,0.170791377638547,0.155571716285472,0.438456100917431,0.000629692700298352,0.160569755948385,0.0750929924666219,0.207288897590811,0.594565003356456
"24","Dyer County","CITIZENS OF LAKE COUNTY FOR HEALTH",0.774718635010131,"SOUTHEAST MISSOURI HEALTH NETWORK, INC.",0.0718956391455641,"HEALTH, TENNESSEE DEPT OF",0.0629086842523686,"CHRIST COMMUNITY HEALTH SERVICES, INC.",0.0539217293591731,NA,0,36520,5,183,15042,14859,36337,3637,7636,24180,0.0126042508871252,NA,NA,NA,0.46166750564514,0.125319937897467,0.376457244299671,0.185722607555312,0.204682366049562,0.03488499366977,0.131900328766156,0.00794085182420591,0.0060792426067908,0,0.0013895125958379,0.813882806010953,0.0291059419496166,0.104514917289836,0.215207944208754,0.680277138522714,0.182849726177437,0.169769989015411,0.449578305366922,0.000267836449041621,0.15737485643483,0.0685583242059146,0.241853669222344,NA
"25","Fayette County","CHRIST COMMUNITY HEALTH SERVICES, INC.",0.590413745542342,"MEMPHIS HEALTH CENTER",0.278816081275977,"NORTHEAST MISSISSIPPI HEALTH CARE, INC.",0.114754744775136,NA,0,NA,0,35778,14,889,10273,9384,34889,2704,4530,27909,0.099259495266536,NA,NA,NA,0.486672586018959,0.21365360138136,0.283658384096526,0.135719482949857,0.297557156194589,0.0155123258664542,0.262871037591537,0.00687573202862094,0.00463979750125776,0,0,0.710073228591313,0.00894055005869529,0.0848825315617027,0.134158253562483,0.780959214891394,0.147402733523394,0.199032925231841,0.461964076890827,0.00359542907594332,0.136217575968472,0.0902847280451674,0.187502990664654,NA
"26","Fentress County","TENNESSEE STATE DEPARTMENT OF HEALTH",0.869868647667067,"MOUNTAIN PEOPLE'S HEALTH COUNCILS, INC.",0.106534679718136,"MORGAN COUNTY HEALTH COUNCIL, INC.",0.014158003540023,"CUMBERLAND FAMILY MEDICAL CENTER",0.00943866900263588,NA,0,16503,8,1369,7396,6027,15134,1225,3156,11190,0.184018104997958,0.0829546142907229,0.327101817420705,0.14711552745728,0.428102460647676,0.396762184028831,0.175135355323493,0.195048864869418,0.0367205980954978,0.0168454248330607,0.00187844784281646,0.00605950239471611,0.00460528358480276,0,0,0.971702117520451,0.0116459431618494,0.107518013668478,0.217765229054481,0.674716757260625,0.148888323335151,0.209598254888099,0.507643637762831,0,0.169754904502212,0.0910933769617645,0.27659001393686,0.691053444828213
"27","Franklin County",NA,0,NA,0,NA,0,NA,0,NA,0,35266,0,0,11510,11510,35266,3288,5707,24988,NA,NA,NA,NA,0,0,0,0.148161272457324,0.126297284919469,0.0343106669832133,0.0527420161203425,0.00524584398145523,0.000482125645097261,0,0.000731696251346906,0.897464980161629,0.0371892757897125,0.096351603538754,0.16561419773857,0.738034198687058,0.147882719900187,0.198463108959922,0.470370108319628,0.00709282654315772,0.120965280071457,0.0938579935348494,0.238911416094822,0.53889774853967
"28","Gibson County","HEALTH, TENNESSEE DEPT OF",0.973167721726497,"HARDEMAN COUNTY COMMUNITY HEALTH CENTER",0.0268322782735032,NA,0,NA,0,NA,0,54433,9,1910,21613,19703,52523,4163,9787,37132,0.0838542515397369,0.0350890084991751,0.167690727026067,0.0706481691575552,0.502916957807163,0.339304415900022,0.157778626296941,0.151902290087447,0.225598442939761,0.0254624936564217,0.166884059323021,0.00343541593463524,0.00406009349108078,0,5.52054819686587e-05,0.789300607666857,0.0310885675968622,0.0949027533980949,0.199642140881182,0.705455105713661,0.171696930171036,0.180754321829985,0.471636289677218,0.00447337591197252,0.141104991200191,0.0796287729869748,0.223855253247111,0.695445795748902
"29","Giles County","MAURY REGIONAL HOSPITAL",0.768245973859976,"MERCY HEALTH SERVICES, INC.",0.0387721777265554,NA,0,NA,0,NA,0,28868,5,421,10120,9699,28447,3175,5440,18674,0.0511123596337898,NA,NA,NA,0.039499328671969,0.146614643031457,0.62090417987279,0.151546568262782,0.158029652700568,0.023867256730636,0.0980670648673272,0.00263267458639324,0.00349854198420396,0,0,0.860433698571429,0.0270149300263267,0.115373491182243,0.199282278104046,0.685344230713711,0.15544547595954,0.193847859244347,0.475502075862547,0.00169513729350838,0.138167034536511,0.0833908826382153,0.215303692670085,0.61144547595954
"30","Grainger County","CHEROKEE HEALTH SYSTEMS",0.909900422694139,"RURAL HEALTH SERVICES CONSORTIUM, INC.",0.0713719987261366,"RURAL MEDICAL SERVICES, INC.",0.0187275785797239,NA,0,NA,0,24196,11,4507,9675,5168,19689,2460,3916,13570,0.46649142962941,0.186270457942271,0.192811922242338,0.293077426979154,0.137003994348037,0.378060329319937,0.48493567633146,0.180769856016697,0.0577781454723921,0.0319061010873698,0.00429822903165813,0.00264506561291123,0.00293430046288643,0,0,0.974086626672177,0.0157373946106794,0.124170888760605,0.227869829662386,0.647959281593788,0.155563853529509,0.205736485361213,0.498724378285667,0.0135525533129112,0.217066502025128,0.0932881054719788,0.278790130600099,0.545459952058191
"31","Greene County","RURAL HEALTH SERVICES CONSORTIUM, INC.",0.843853087981891,"RURAL MEDICAL SERVICES, INC.",0.0887893267018491,"CHEROKEE HEALTH SYSTEMS",0.0443930134537767,"EAST TENNESSEE STATE UNIVERSITY",0.0192559819217374,"HOT SPRINGS HEALTH PROGRAM INC",0.00370858993856605,67492,23,4651,27572,22921,62841,6610,10457,43078,0.172788217760459,0.0689118710322586,0.172995049058699,0.105245429243516,0.294477696759406,0.26104003938193,0.444482263866089,0.165198623430925,0.0683192078784152,0.0284478142102768,0.0216766423313874,0.00371895824468085,0.0026224478456706,0,0.00105061340603331,0.946186212849078,0.0172328572275233,0.123198340933407,0.180134213231147,0.696667445828021,0.150993451075683,0.213743851124944,0.505849735064896,0.00297722454300362,0.151104170805429,0.0991465803354472,0.278357835002667,0.62000069637883
"32","Grundy County","OCOEE REGIONAL HEALTH CORPORATION",1,NA,0,NA,0,NA,0,NA,0,13836,8,1427,6160,4733,12409,1605,2863,7911,0.229748041222095,0.103136744719919,0.0755199747105594,0.133246375079365,0.107144033162966,0.331531907710393,0.561324059101077,0.2096821190756,0.123807456897225,0.0145273189310494,0.0069384207429893,0.00187915598727956,0.00946809619832321,0,0,0.890430760060711,0.0903375975715525,0.125857548777653,0.240930568469088,0.633211882772796,0.159897513732293,0.208658571841088,0.526769928086152,0,0.245876641876265,0.0658172159583695,0.288483087597572,0.647853281295172
"33","Hamblen County","CHEROKEE HEALTH SYSTEMS",0.842796260344274,"RURAL MEDICAL SERVICES, INC.",0.124481524449061,"RURAL HEALTH SERVICES CONSORTIUM, INC.",0.0327222151934669,NA,0,NA,0,68069,13,9139,27627,18488,58930,5248,12358,40919,0.329813207019593,0.134260823552206,0.373227974057793,0.232154329243742,0.330641586280157,0.413697217567311,0.255661196152532,0.17562263474827,0.176423923063509,0.11122537383743,0.0443373621262249,0.00825632892888099,0.00295311134290206,0,0.00100521529624352,0.889347575742262,0.0232767045204131,0.124777301915716,0.237777061503404,0.63744563658088,0.17153510408556,0.179332735899981,0.484630082019715,0.024817801916163,0.18893137369434,0.079775051785688,0.232047833815687,0.725551337613304
"34","Hamilton County","ERLANGER MEDICAL CENTER",0.649959629379826,"CHEROKEE HEALTH SYSTEMS",0.202105893231419,"PRIMARY HEALTH CARE CENTER OF DADE, INC",0.0917191426283791,"PRIMARY HEALTH CARE CENTER OF DADE, INC",0.0372925209644846,"NORTH GEORGIA HEALTHCARE CENTER, INC.",0.0135043811844324,362651,85,20559,109619,89060,342092,29946,42317,266571,0.163227398740064,NA,NA,NA,0.363908852355132,0.219791714117097,0.410881000943355,NA,0.28720726027776,0.0561117983952891,0.190017399335394,0.020490776154981,0.00190802946358896,0,0.000314015403238927,0.754987578941296,0.0211138753236583,0.104803550004885,0.133570955039621,0.761625494956432,0.149608670595145,0.172104861149272,0.409056416993197,NA,0.106910996395984,0.077267397580594,0.174994840769776,NA
"35","Hancock County","RURAL HEALTH SERVICES CONSORTIUM, INC.",0.677854487748324,"EAST TENNESSEE STATE UNIVERSITY",0.297930526511918,"CHEROKEE HEALTH SYSTEMS",0.0209552761091248,"ST. CHARLES HEALTH COUNCIL, INC.",0.00325970963063315,NA,0,5370,6,4000,2703,-1297,1370,-158,1,1449,1.47461055402086,0.744878957148324,1.2616017121906,0.984608691915177,0.166420297662942,0.372839961688268,0.46073974064879,0.265928937756052,0.0500931139757914,0.0195530755865922,0.0061452517877095,0.00577281068901303,0.000558424581005587,0,0,0.969459961610801,0.0166824953445065,0.100107496816108,0.282009338672253,0.617883164511639,0.14743947858473,0.202234636860708,0.577945325884544,0,0.218580469273743,0.077096834264432,0.356878026070763,0.64604469273743
"36","Hardeman County","HARDEMAN COUNTY COMMUNITY HEALTH CENTER",0.947558556815372,"HARDIN COUNTY REGIONAL HEALTH CENTER",0.0330503708649616,"MEMPHIS HEALTH CENTER",0.0193910723220278,NA,0,NA,0,26294,17,4684,9986,5302,21610,200,3914,13249,0.483365906946562,0.178139499521404,0.896095623024895,0.286011306647429,0.413557494467186,0.330932381892295,0.255510123601727,0.163189167675135,0.446071347489541,0.0176846423655587,0.408268047552674,0.00665551042785426,0.00277602095535103,0,0,0.562599830031946,0.012464934966152,0.0945010858462653,0.245008487072351,0.660490427108329,0.146807864912147,0.180079105498547,0.611470012436297,0,0.201603485319845,0.0661502624172815,0.247943941583631,0.505570168099186
"37","Hardin County","HARDIN COUNTY REGIONAL HEALTH CENTER",0.98436105516827,"MAURY REGIONAL HOSPITAL",0.0121642525023299,"NORTH MISSISSIPPI PRIMARY HEALTH CARE, INC.",0.00180683999307192,"HARDEMAN COUNTY COMMUNITY HEALTH CENTER",0.00166785226042729,NA,0,22748,12,6761,9868,3107,15987,1017,2752,11619,0.696038571291547,0.297212941797323,0.498999382713438,0.473442965746215,0.151004154997903,0.370983804342632,0.478012040659451,0.197322625434324,0.0784244751033058,0.0261561416889397,0.0361350418414806,0.00509935151485845,0.00224212080182873,0,0,0.947292069732284,0.00817293828028838,0.0917227241594954,0.23899533044218,0.669281945397679,0.150808862317566,0.232284156853767,0.538860068445578,0,0.185763125505539,0.0876076578160717,0.21235097590997,0.612358976613329
"38","Hawkins County","RURAL HEALTH SERVICES CONSORTIUM, INC.",0.938056718557369,"CHEROKEE HEALTH SYSTEMS",0.0547592431111011,"EAST TENNESSEE STATE UNIVERSITY",0.00718403830389553,NA,0,NA,0,54139,15,11049,23342,12293,43090,2174,7941,32262,0.456614754308369,0.204085779211759,0.580872557795118,0.237370688946495,0.294369401190105,0.239695532595933,0.465935066213798,0.182911868549844,0.0392877597172094,0.0141487655859916,0.0100666792419513,0.00402667132510759,0.00182863715620902,0,0.0011968266868616,0.971277636503075,0.0106553316463178,0.0993482116687896,0.197664663573614,0.702987124722727,0.151913223369475,0.20297752082344,0.52297755438778,0.0026459325967565,0.16296805657659,0.0850819187646613,0.277825874138791,0.666041301095329
"39","Haywood County","HARDEMAN COUNTY COMMUNITY HEALTH CENTER",1,NA,0,NA,0,NA,0,NA,0,15599,2,544,7235,6691,15055,1153,3955,9850,0.07719685741227,0.0348740303905635,0.200662294287942,0.01900468739182,0.615893523614392,0.119235248196455,0.264871228189153,0.198263609108917,0.618372974323354,0.0463491238976858,0.56266426893006,0.000512853806013206,0.000769237002371947,0,0,0.412975193424579,0.0105893326495288,0.0938436198923136,0.261503355910571,0.644653024197115,0.162596448490288,0.182191166097295,0.473403611513559,0.0162627584427656,0.18407312064876,0.0681057760112828,0.242953779088403,0.678256875440733
"40","Henderson County","HARDIN COUNTY REGIONAL HEALTH CENTER",0.571353874778762,"PERRY COUNTY MEDICAL CENTER, INC.",0.248567527569636,"PERRY COUNTY MEDICAL CENTER, INC.",0.104347655947566,NA,0,NA,0,27875,11,516,11470,10954,27359,2427,6219,18199,0.0453085515591329,NA,NA,NA,0.308834382508933,0.356250476906382,0.259184198868377,0.185511370523049,0.12043049352574,0.024430491330583,0.0728968587156951,0.00125560549201794,0,0,0.000662206278026906,0.902636770482153,0.0215178116591928,0.0935115749737507,0.235774750320761,0.670713674713062,0.172829488789238,0.180520179367006,0.496197628843049,0.0088836007225722,0.171766772125561,0.0716551031390135,0.224112035874439,0.680464753363229
"41","Henry County","ARCARE",0.0889000660149005,NA,0,NA,0,NA,0,NA,0,31811,1,12,13742,13730,31799,3109,6247,22085,0.0103092784,NA,NA,NA,0.00740833883161171,0,0.0814917271832888,0.199401164151394,0.126937224715979,0.0254628923230958,0.0828644212888623,0.00399232615887586,0.00264048065134702,0,0,0.890038034364214,0.0150798465939455,0.0988743363140895,0.198644906238006,0.702480757523561,0.152553393480243,0.228160070412691,0.519927897425419,0.000304180326553708,0.140938939706391,0.109712552261796,0.268720631228191,0.530721825783534
"42","Hickman County","PERRY COUNTY MEDICAL CENTER, INC.",0.780916573623382,"MERCY HEALTH SERVICES, INC.",0.118993290567548,"MAURY REGIONAL HOSPITAL",0.0271463486460684,"UNIVERSITY COMMUNITY HEALTH SERVICES, INC. D/B/A CONNECTUS HEALTH",0.0109397148964919,"UNITED NEIGHBORHOOD HEALTH SERVICES, INC DBA NBHD HLTH",0.00382922809198498,25028,17,2581,10042,7461,22447,1650,2963,15881,0.258113179714704,NA,NA,NA,0.2576603738146,0.280000863751382,0.404163918279055,0.188933744880134,0.0926562264855362,0.0244126575843056,0.0501038850879015,0.00375579347530766,0.00575362537957488,0,0,0.925763146542273,0.0134637206328912,0.102250559174748,0.162039041050152,0.735710399763968,0.165967316605402,0.164775451509461,0.490862480262106,0.00165856007992648,0.20761457511587,0.100353044590059,0.259163576793991,NA
"43","Houston County","TENNESSEE STATE DEPATMENT OF HEALTH",0.846703488203472,"MATTHEW WALKER HEALTH CENTER",0.153296511796528,NA,0,NA,0,NA,0,7719,4,157,3150,2993,7562,674,1523,5470,0.0476070611687136,0.0203394222305869,0.109190306635458,0.0186284059454722,0.530449395732491,0.17816384952946,0.291386754776124,0.165529683751781,0.0734551097473766,0,0.056743105065423,0.00181370754760979,0.00142494040678844,0,0,0.926544890252623,0.0133841171136158,0.0968771723424407,0.198919650738528,0.704203176909004,0.160727944034201,0.205337478940225,0.507213899727944,0.00647106163592434,0.2142568449281,0.10718979142376,0.2094323098847,0.73177056613551
"44","Humphreys County","PERRY COUNTY MEDICAL CENTER, INC.",0.690649515489361,"UNIVERSITY COMMUNITY HEALTH SERVICES, INC. D/B/A CONNECTUS HEALTH",0.126659197234824,NA,0,NA,0,NA,0,18846,3,80,6775,6695,18766,1725,3149,13382,0.0138934508658378,NA,NA,NA,0.486333999223931,0.101315695872243,0.229659017628011,0.155415416145071,0.0779475718895256,0.0257879632739043,0.0228165129544731,0.00684495562241324,0.0101345099755916,0,0,0.935636207324631,0.0226122254059217,0.0968448040232835,0.171717907839897,0.73143728813682,0.161520534861509,0.193250557182357,0.508670249018359,0.00145392456927199,0.155639426668789,0.102200042449326,0.255702324100605,0.665564841345644
"45","Jackson County","TENNESSEE STATE DEPARTMENT OF HEALTH",0.983753215581435,"CUMBERLAND FAMILY MEDICAL CENTER",0.0162467844185653,NA,0,NA,0,NA,0,9340,5,1063,4825,3762,8277,457,1191,6723,0.229415212800964,0.113811563204475,0.474492756169433,0.226562877269283,0.411843331534636,0.33522256346788,0.252934104997484,0.210735896894004,0.0410064245599572,0.0168094208147752,0.00481798589400428,0.000535333516059957,0.00192752376873662,0,0,0.960278369201285,0.0164370449678801,0.0927814592668415,0.164100568093908,0.743117972639251,0.151668736616702,0.227194860797045,0.582978522376874,0.00227197303220557,0.206215004068522,0.0907569593147752,0.299744860813704,0.780347965738758
"46","Jefferson County","CHEROKEE HEALTH SYSTEMS",0.796618908743212,"RURAL MEDICAL SERVICES, INC.",0.197549399128929,"RURAL HEALTH SERVICES CONSORTIUM, INC.",0.00583169212785915,NA,0,NA,0,55917,11,4018,18623,14605,51899,6324,8155,35661,0.219510152965522,0.0718565015944757,0.103803179062171,0.191269078530318,0.180619559442685,0.485869497923919,0.333510942589754,0.121776552292684,0.0800650964624354,0.037627198745462,0.0162025876599245,0.00668848473344421,0.00123406870897938,0,0.00014940000357673,0.953931720833736,0.0191499186293971,0.130794758486525,0.187191635816564,0.682013605712381,0.156346066491407,0.192320761144591,0.452692944882594,0.00983047465879071,0.138603048482572,0.0981346817604664,0.222650964822862,0.562680240356242
"47","Johnson County","RURAL HEALTH SERVICES CONSORTIUM, INC.",0.904745441406141,"EAST TENNESSEE STATE UNIVERSITY",0.0638227515283807,"HIGH COUNTRY COMMUNITY HEALTH",0.0206350588232259,"ST. CHARLES HEALTH COUNCIL, INC.",0.00700329616472326,"SOUTHWEST VIRGINIA COMMUNITY HEALTH SYSTEMS, INC.",0.00379345207752862,18953,13,3012,8751,5739,15941,1453,2572,9771,0.345641995368411,0.158919432309545,0.364162123446473,0.258071134887184,0.264832218637261,0.278252100634839,0.456915680798079,0.2503628155511,0.0752387501946921,0.0194164541080568,0.0323431643940273,0.00448477746583654,0.00585646594206722,0,0,0.941434072168522,0.0140078615522609,0.134088488544547,0.204792896335398,0.661118615120055,0.132725531578114,0.223816810002976,0.620080001530101,0.00129572374442568,0.20400339450219,0.107859916635889,0.258353453279164,0.732006225927294
"48","Knox County","CHEROKEE HEALTH SYSTEMS",0.9873434168245,"COMMUNITY HEALTH OF EAST TENNESSEE",0.01183215142889,"CHOTA COMMUNITY HEALTH SERVICES",0.000824431739747875,NA,0,NA,0,460724,34,25070,141902,116832,435654,33720,48242,348607,0.162626069343796,0.0544143565344571,0.125212320135687,0.193999825984812,0.21952757722271,0.519328163987388,0.261144258784541,0.152391376881387,0.177961208548589,0.0430995554242236,0.0873755214766541,0.0219741099352975,0.00289550773348035,0,0.000139714883531138,0.854479037366363,0.0222306587023902,0.08771424653782,0.138604975026036,0.773680778461263,0.154136511230151,0.153933808525496,0.379017413492677,0.012671915325199,0.0825302850491835,0.0829795452374958,0.143993829277398,0.601473420095328
"49","Lake County","CITIZENS OF LAKE COUNTY FOR HEALTH",0.994622967609781,NA,0,NA,0,NA,0,NA,0,7811,2,1838,2334,496,5973,169,513,2269,0.860929204637675,NA,NA,NA,0.180409731780156,0.31223302029589,0.501980215533734,0.270695925458968,0.315708615889131,0.0220202269542952,0.270131863373448,0.0023044419229292,0.00128016259121751,0,0,0.692228905867367,0.0197780053770324,0.106053601930777,0.227313515256945,0.666632882844796,0.104800537703239,0.159262578420689,0.693279724363078,0.000301933549353476,0.272356439124312,0.0659130713096915,0.284616950454487,0.519023300473691
"50","Lauderdale County","CITIZENS OF LAKE COUNTY FOR HEALTH",0.965332107418231,"CHRIST COMMUNITY HEALTH SERVICES, INC.",0.0178592174267725,"HARDEMAN COUNTY COMMUNITY HEALTH CENTER",0.0168086752146675,NA,0,NA,0,27278,6,693,12207,11514,26585,2291,4998,16285,0.0545698229356038,0.0254050883301782,0.0925154397225786,0.0240720840419092,0.359672982370936,0.174339920450378,0.465987097183741,0.208907696062395,0.381039668642862,0.0247085550703864,0.326086957534643,0.00263948790563824,0.00799195934452672,0,0,0.641029399253611,0.019610455311973,0.103851221454703,0.210293448002988,0.685855330619463,0.171107742503116,0.156829679576135,0.547844832465723,0.0137751757296099,0.218884263142459,0.0685046557665518,0.260306070826307,0.659180328469829
"51","Lawrence County","MAURY REGIONAL HOSPITAL",0.955190977900039,"MERCY HEALTH SERVICES, INC.",0.0181049254257683,"HARDIN COUNTY REGIONAL HEALTH CENTER",0.0120699502838456,NA,0,NA,0,45715,9,1123,18656,17533,44592,5513,10223,28206,0.0603974719903987,NA,NA,NA,0.113196595903108,0.166360339176041,0.705808918579388,0.167877237976813,0.0665208349686099,0.0229246431482008,0.0167122376062562,0.00494367359466258,0.00321574034780707,0,0.00171167013015422,0.953844471415072,0.0147310292026687,0.125220784872889,0.231082305901888,0.643696909226963,0.181041277480039,0.178300339063819,0.498446341725911,0.00810056559157607,0.16610768353932,0.0813351853877283,0.221432636990047,0.667849721098108
"52","Lewis County","MAURY REGIONAL HOSPITAL",0.96094168,"PERRY COUNTY MEDICAL CENTER, INC.",0.0361155698,"HARDIN COUNTY REGIONAL HEALTH CENTER",0.0029427501,NA,0,NA,0,10281,3,3738,4260,522,6543,721,1218,4210,0.8774647887,0.363583309,0.4099836334,0.4759036145,0.1340288925,0.2958801498,0.5700909577,0.19666766,0.07139383,0.0246085,0.01672989,0.01595176,0,0,0,0.94708686,0.015,0.1235966421,0.2350561343,0.6413472236,0.158,0.1995914794,0.481011,0.0065326633,0.158267,0.082,0.21,0.509
"53","Lincoln County","MAURY REGIONAL HOSPITAL",0.522267097999469,"CENTRAL NORTH ALABAMA HEALTH",0.140740873032895,"MATTHEW WALKER HEALTH CENTER",0.0752602012425041,NA,0,NA,0,35246,5,389,12818,12429,34857,3397,5737,25221,0.046346174193194,NA,NA,NA,0.132397442894309,0.159895777509425,0.445974951879964,0.143972287490495,0.126113603490893,0.033705955270669,0.0684049273639562,0.00522045195993872,0.00218462495034898,0,0,0.900924928870794,0.0217596606707144,0.0987033226234296,0.167732851880582,0.733563825505564,0.172488339102309,0.188617148032761,0.443736792089883,0.00167698521030188,0.163029036429666,0.0835714974748908,0.223736821199569,0.657480990750724
"54","Loudon County","CHOTA COMMUNITY HEALTH SERVICES",0.845100430036616,"CHEROKEE HEALTH SYSTEMS",0.148471555522737,"UNIVERSITY COMMUNITY HEALTH SERVICES, INC. D/B/A CONNECTUS HEALTH",0.0064280144115102,NA,0,NA,0,59330,11,3224,18755,15531,56106,3943,8159,44959,0.184505178867409,0.0543401314668144,0.170845677687512,0.123824391461091,0.257385700442287,0.367038823721244,0.375575475836469,0.114756534034721,0.119231418797573,0.0855722244702511,0.00964099118658352,0.00650598711596157,0.00161812411933255,0,0,0.943553008239339,0.0186476993089499,0.0805123794620293,0.155840563895842,0.763647056681804,0.146871481543907,0.243974380570275,0.487361842339457,0.0206183874868768,0.142742421270858,0.100704078880836,0.167713669307264,0.531419855048036
"55","Macon County","HOPE FAMILY HEALTH SERVICES",0.503685366256046,"TENNESSEE STATE DEPARTMENT OF HEALTH",0.401759627523124,"CUMBERLAND FAMILY MEDICAL CENTER",0.0826447454796602,"UNITED NEIGHBORHOOD HEALTH SERVICES, INC DBA NBHD HLTH",0.0119102606654282,NA,0,20187,7,2958,8093,5135,17229,1441,3895,11678,0.369561489375311,0.146529945020285,0.394807988367831,0.153915425056378,0.32514476659571,0.240961665380968,0.433893568023322,0.182319882334671,0.077079310156041,0.0491405355382177,0.00217961718432655,0.00138702954376579,0.00391358022489721,0,0.00194065487690098,0.955813148849259,0.0211780353692971,0.119217476759053,0.230576093775251,0.650206429465696,0.180935453509684,0.168970129276787,0.439624322237083,0.0206542298746669,0.194629317184327,0.066940654876901,0.25079749343637,0.708074949224749
"56","Madison County","HARDEMAN COUNTY COMMUNITY HEALTH CENTER",0.783688903225805,"HEALTH, TENNESSEE DEPT OF",0.175841467425627,"CHRIST COMMUNITY HEALTH SERVICES, INC.",0.0131783421857255,"HARDIN COUNTY REGIONAL HEALTH CENTER",0.0131783421857255,NA,0,96578,11,813,35575,34762,95765,9760,18435,63741,0.0273060809049803,NA,NA,NA,0.689004234115994,0.183344382339196,0.113538438511625,0.192443871498271,0.443051214059827,0.0389943881768105,0.371585658866926,0.010892747281472,0.001211646234132,0,0,0.578682514616476,0.0214538197104931,0.111197316066807,0.201231642331615,0.687571041566249,0.167182008324877,0.160823375902161,0.440698889415809,0.0115772981419267,0.114965345637723,0.0738699496779805,0.173605220650666,NA
"57","Marion County","ERLANGER MEDICAL CENTER",0.606756650866964,"CHEROKEE HEALTH SYSTEMS",0.288694239273819,"PRIMARY HEALTH CARE CENTER OF DADE, INC",0.0802385282610288,NA,0,NA,0,26943,9,262,9661,9399,26681,3073,5653,18071,0.0345774263361306,NA,NA,NA,0.336701504274791,0.189775796784167,0.449212117378503,0.171729040189289,0.0846602097891846,0.0172215445729874,0.0272426986330401,0.00504769097019634,0.000556699253980626,0,0,0.926548639471848,0.0349874549975875,0.116846357551334,0.210661979661166,0.672491662809832,0.158805181308689,0.18409234308103,0.463312062428089,0.00100972463038637,0.188435559069146,0.0824429722005716,0.270063244627547,0.588532977025573
"58","Marshall County","MAURY REGIONAL HOSPITAL",0.854242197041668,"MERCY HEALTH SERVICES, INC.",0.134142071174923,"RUTHERFORD COUNTY PRIMARY CARE INC.",0.0100594890389826,"UNITED NEIGHBORHOOD HEALTH SERVICES, INC DBA NBHD HLTH",0.00155624281352383,NA,0,32476,11,6614,12016,5402,25862,2695,4378,19787,0.533858872122293,0.203658085972632,0.132486262711529,0.256100495114497,0.0628095274791723,0.236373918951694,0.700816553540165,0.141181324337973,0.154975983685183,0.0547481250449563,0.0780576400973026,0.00326394600073901,0.000646575193989408,0,0,0.893521372213327,0.0140219238822515,0.09316748414588,0.177469749492105,0.729362766362015,0.176031654144599,0.163228230108708,0.437793582214558,0.00957636818709201,0.142717626431827,0.08058972779899,0.203341790860943,0.605849735189063
"59","Maury County","MAURY REGIONAL HOSPITAL",0.870373580841782,"MERCY HEALTH SERVICES, INC.",0.116836356072781,"UNITED NEIGHBORHOOD HEALTH SERVICES, INC DBA NBHD HLTH",0.00536357480162175,"MATTHEW WALKER HEALTH CENTER",0.00481346458171711,"PERRY COUNTY MEDICAL CENTER, INC.",0.00261302362332279,78434,14,7369,23433,16064,71065,6181,10860,55557,0.318436565462983,0.0939516026080373,0.122889841915145,0.139498041163029,0.117343896786976,0.240471286197603,0.642184817015421,0.113778983571155,0.211897903647908,0.0576025672772012,0.123403113487518,0.00377387020463065,0.00164480611724507,0,0,0.83388581641941,0.0295505775556519,0.0880604196251664,0.157833648780741,0.754105931671538,0.170955261748731,0.155685034568815,0.400701520641559,0.00848018390338119,0.107395761850728,0.0729862814595711,0.171793150929444,0.496441963944208
"60","McMinn County","CHOTA COMMUNITY HEALTH SERVICES",0.471002976577322,"CHEROKEE HEALTH SYSTEMS",0.312808663132867,"OCOEE REGIONAL HEALTH CORPORATION",0.208630500997927,"ERLANGER MEDICAL CENTER",0.00755785924268983,NA,0,50546,16,1804,21593,19789,48742,5748,9447,32921,0.082207304180406,0.0356902623107387,0.0645522230297412,0.0525355097217505,0.234969894900168,0.276734192425816,0.488295912674016,0.198769106140545,0.110058164052348,0.0416452364285997,0.0366398953905354,0.00824991244470383,0.00417444327938907,0,0.000223598306493095,0.924148298987061,0.0207885094765164,0.122962065285722,0.199299721033563,0.677738213685647,0.156522949392632,0.194990701501911,0.50604624300637,0.0072833266544415,0.155847007240929,0.0818683179677917,0.24848979147707,0.689872037352115
"61","McNairy County","HARDIN COUNTY REGIONAL HEALTH CENTER",0.869457224861946,"HARDEMAN COUNTY COMMUNITY HEALTH CENTER",0.113310095711978,"NORTH MISSISSIPPI PRIMARY HEALTH CARE, INC.",0.0172326794458939,NA,0,NA,0,28762,19,3584,12920,9336,25178,2073,5226,17006,0.279000925243366,0.124608858891489,0.223989332724383,0.218223662668215,0.193358408098168,0.402363071760051,0.404278520134601,0.192794229682915,0.102531116746054,0.0211042329796259,0.0554551122787011,0.00198178305715875,0.00170363695153327,0,0,0.914540018425701,0.0226726583686809,0.0954017992036611,0.239335031427422,0.665263169368917,0.16627320770461,0.203462902438596,0.542700418468813,0.000858282473913497,0.173969210764203,0.0733810583408664,0.232699290730825,0.702575968291496
"62","Meigs County","OCOEE REGIONAL HEALTH CORPORATION",0.831432091913414,"CHOTA COMMUNITY HEALTH SERVICES",0.100886644731994,"CHEROKEE HEALTH SYSTEMS",0.0587637696273931,"ERLANGER MEDICAL CENTER",0.00891749379667474,NA,0,12390,7,1006,4220,3214,11384,1164,2169,7698,0.239812292063019,0.0811945117225504,0.119953501682906,0.109346150023454,0.166420253018741,0.268358109955093,0.565221636956691,0.183372830834544,0.0573042752009685,0.0280871638644068,0.0154156610718321,0.00209846657788539,0.00040365197740113,0,0,0.962066181460856,0.0116422921711057,0.110028063809524,0.202756512227764,0.687215423962712,0.154,0.225746569772704,0.563342936723164,0,0.184811431799839,0.0888632768361582,0.239558030669895,0.556125585149314
"63","Monroe County","CHOTA COMMUNITY HEALTH SERVICES",0.913860594502343,"CHEROKEE HEALTH SYSTEMS",0.0808687433939537,"OCOEE REGIONAL HEALTH CORPORATION",0.00527066213539635,NA,0,NA,0,46954,9,10092,18944,8852,36862,3228,6423,25779,0.531768647891042,0.214933764951619,0.289323543110585,0.28819377447909,0.140633829838335,0.270888288763564,0.588477881366407,0.181894882763769,0.0828470425478127,0.0355454276994505,0.022341015050049,0.00394002646888444,0.00555852666439494,0,0,0.940942197938834,0.0177962473910636,0.0997509671973655,0.197791568159188,0.702457464643447,0.158867316948503,0.206776845428805,0.526343513438685,0.00919353442475614,0.174318461387741,0.0945979043318993,0.237560953273417,0.701487029859011
"64","Montgomery County","MATTHEW WALKER HEALTH CENTER",0.873532855592813,"UNITED NEIGHBORHOOD HEALTH SERVICES, INC DBA NBHD HLTH",0.0481504934565218,"PENNYROYAL HEALTHCARE SERVICE INC.",0.0331356335629441,"UNIVERSITY COMMUNITY HEALTH SERVICES, INC. D/B/A CONNECTUS HEALTH",0.0272021563479704,"COMMUNITY HEALTH CENTERS OF WESTERN KENTUCKY",0.00927066841759886,193092,20,5129,64047,58918,187963,13333,31701,138069,0.0739349294537713,NA,NA,NA,0.468729890747165,0.247154993393399,0.279915045452411,0.133863320842552,0.366680133713929,0.0963841050807387,0.204265321811313,0.0223572181562675,0.00569158690158059,0,0.00334114826093261,0.701018163866706,0.0476284206492242,0.0827029323994138,0.176411868835208,0.740885198804814,0.182142615955089,0.0949650943633118,0.373777654133781,0.0119534364281555,0.0720217438682079,0.19673181695772,0.194167075798065,0.515036878793528
"65","Moore County",NA,0,NA,0,NA,0,NA,0,NA,0,3383,0,0,1108,1108,3383,297,440,2569,NA,NA,NA,NA,0,0,0,0.0941105,0.09725096,0.00413834,0.0404966,0.04522613,0.00739,0,0,0.90688738,0,0.0898366606,0.1330913491,0.7770719903,0.158,0.187703222,0.461737,0.0312035661,0.147352,0.119,0.175,0.408
"66","Morgan County","MORGAN COUNTY HEALTH COUNCIL, INC.",0.929049742969743,"MOUNTAIN PEOPLE'S HEALTH COUNCILS, INC.",0.0577240731008824,"CHEROKEE HEALTH SYSTEMS",0.0132261839293744,NA,0,NA,0,16545,15,3693,6847,3154,12852,-227,2895,7531,0.544816628839196,0.223209428840326,1.18487125277484,0.199346147506358,0.415691655060157,0.198260013518966,0.386048331409423,0.229093376356603,0.102085224262919,0.0165004525391357,0.0748866737485645,0.000664852368087035,0.00531862006648534,0,0,0.907766694359021,0.00694348745844666,0.0923736481075431,0.260870054973992,0.646756296935926,0.133631248111212,0.170444242982829,0.616751276760351,0.00446599877904503,0.210906937564219,0.0825236022967664,0.271040314294349,NA
"67","Obion County","CITIZENS OF LAKE COUNTY FOR HEALTH",0.807110594032302,NA,0,NA,0,NA,0,NA,0,29224,5,353,13212,12859,28871,2701,6121,19021,0.0299601607676559,NA,NA,NA,0.341366080538527,0.13297404654729,0.332770466961056,0.2137262001817,0.173624418666507,0.0458185055806871,0.104229399150698,0.00376402728750342,0.00260073076923077,0,0.000116103202846975,0.849917874519231,0.0204392622502053,0.099370112330386,0.21956492465888,0.681064963019826,0.162389063783192,0.198603887221564,0.473098939878182,0.00550450602240282,0.164403378182316,0.0751605529701615,0.264426019709828,NA
"68","Overton County","TENNESSEE STATE DEPARTMENT OF HEALTH",0.99899032840897,NA,0,NA,0,NA,0,NA,0,18818,8,1218,7761,6543,17600,1217,2628,13609,0.165952901894978,NA,NA,NA,0.384319324029169,0.402036067238224,0.212634937167542,0.179681427433309,0.0360293325491551,0.0147199471139335,0.00765224821978956,0.00526091981135083,0.000743799819321926,0,0,0.978424913960038,0.0077168668296312,0.090035231980524,0.16755918271185,0.742405585349027,0.161504995217345,0.211712190450473,0.490177660803486,0,0.203293260601552,0.0718047613986608,0.216226485280051,NA
"69","Perry County","PERRY COUNTY MEDICAL CENTER, INC.",0.833545951494905,"MAURY REGIONAL HOSPITAL",0.154221786599582,"HARDIN COUNTY REGIONAL HEALTH CENTER",0.0122322619055133,NA,0,NA,0,7890,5,2382,3750,1368,5508,506,1291,3175,0.631200221815627,0.301901140672966,0.484800600766084,0.302085156222167,0.20339741546635,0.23566081040924,0.560941774052814,0.269310353855513,0.0821292767376426,0.0136882156958175,0.0276299105323194,0.0225602015209126,0.00152094410646388,0,0,0.9252218018327,0.0193311787072243,0.1335348941,0.252342549347795,0.614122556552205,0.158319391634981,0.20684410644597,0.569807794676806,0.00163611993114068,0.253665100380228,0.0732304182509506,0.260136121673004,0.718152091254753
"70","Pickett County","TENNESSEE STATE DEPARTMENT OF HEALTH",0.749986011453351,"CUMBERLAND FAMILY MEDICAL CENTER",0.250013988546649,NA,0,NA,0,NA,0,5044,4,494,2241,1747,4550,293,625,3493,0.219045315695123,0.097938144328747,0.323952570742248,0.237225746795163,0.290050046879401,0.395465739089096,0.314484214031503,0.191621942115385,0.00594765770618557,0.00376685293814433,0.00178429801744647,0,0,0,0,0.995043612698255,0.0028223632038065,0.0888046652094766,0.168408472379064,0.742786862411459,0.155416137985726,0.253965107028628,0.540514052141158,0.00415324864312054,0.241350100118953,0.080934179222839,0.267649682791435,0.63946847739889
"71","Polk County","OCOEE REGIONAL HEALTH CORPORATION",0.917995382256421,"CHOTA COMMUNITY HEALTH SERVICES",0.0820046177435792,NA,0,NA,0,NA,0,17272,14,1750,6678,4928,15522,1636,2814,11422,0.290470999981791,0.101320055582764,0.202660950661881,0.140177717376864,0.24032265006943,0.260876525138096,0.498800824783766,0.154938041685387,0.051760075922881,0.0192797602026401,0.00306855096746179,0.000868455261695229,0.00248950034738305,0,0,0.960224642356415,0.0230246062992126,0.115831727405529,0.183778493472563,0.700389779131334,0.148810792033349,0.209877257989098,0.48573528381195,0.00706262634546086,0.1778835368805,0.0847879226493747,0.202822197776748,0.51416587540528
"72","Putnam County","TENNESSEE STATE DEPARTMENT OF HEALTH",0.969050644600447,"MORGAN COUNTY HEALTH COUNCIL, INC.",0.00805101856581257,NA,0,NA,0,NA,0,88085,9,6092,34676,28584,81993,5181,12629,62488,0.173745476542272,NA,NA,NA,0.477651056430012,0.32373914992533,0.175711456766549,NA,0.107044332934892,0.0569336439007777,0.0202758723819038,0.0115116101101209,0.00304255990236703,0,0.000975285235851734,0.936913208395754,0.0186146108872112,0.0963350854189499,0.17032160774315,0.733343306804709,0.149704251575183,0.170562524865043,0.454094650360447,NA,0.136046511324289,0.0696882897201567,0.174172197309417,NA
"73","Rhea County","OCOEE REGIONAL HEALTH CORPORATION",0.921627797683682,"ERLANGER MEDICAL CENTER",0.0611057255589744,"CHEROKEE HEALTH SYSTEMS",0.0172664767573435,NA,0,NA,0,36604,11,1669,16109,14440,34935,3974,8155,21884,0.105534311553882,0.0455961097074609,0.141108321055923,0.038217230539217,0.392436142337477,0.199288689671356,0.408275167974178,0.195521005935963,0.0905365527204677,0.0470713618394165,0.0203802865017484,0.00426183114413725,0.00363362900229483,0,0,0.946672497144848,0.0188881543000765,0.130042947917531,0.237651269041454,0.632305783041015,0.164131734236695,0.180144246522459,0.511035645366627,0.0124654506079226,0.202608240383565,0.0843894656321713,0.264874385313081,0.687594853021528
"74","Roane County","MORGAN COUNTY HEALTH COUNCIL, INC.",0.63501153604895,"CHEROKEE HEALTH SYSTEMS",0.239052335117455,"COMMUNITY HEALTH OF EAST TENNESSEE",0.100434283187976,"COMMUNITY HEALTH OF EAST TENNESSEE",0.0255018456152454,NA,0,54574,14,1508,19087,17579,53066,4607,9389,40079,0.0795104377839081,0.0276322058068238,0.0914757860926229,0.0523315426567376,0.298588385910712,0.363672669438099,0.337738944651189,0.156361710228314,0.0596621092516583,0.0112324548755818,0.0202477375409536,0.00672481276102173,0.00406802777879576,0,0,0.947264263992744,0.0196820463957196,0.0917898700103969,0.179125120950471,0.72908500901611,0.142661450507568,0.221259207678319,0.514751297614249,0.00419396996934071,0.119960652142046,0.117342873895994,0.233640414849562,0.606629787078096
"75","Robertson County","UNITED NEIGHBORHOOD HEALTH SERVICES, INC DBA NBHD HLTH",0.626227105205014,"UNIVERSITY COMMUNITY HEALTH SERVICES, INC. D/B/A CONNECTUS HEALTH",0.175897571980387,"MATTHEW WALKER HEALTH CENTER",0.0752526095838695,"COMMUNITY HEALTH CENTERS OF WESTERN KENTUCKY",0.0165176365321805,"HOPE FAMILY HEALTH SERVICES",0.0145743851678576,70785,11,663,19953,19290,70122,5770,9438,53895,0.0363976683411766,NA,NA,NA,0.656791766753775,0.0841892342866737,0.167488307428859,0.109178137062937,0.167041039645829,0.0699583264026277,0.0702549944434555,0.00755810193967649,0.00247250591226955,0,0,0.876725298481317,0.0217217913399732,0.089962975085641,0.136832162550299,0.773204862365761,0.181432026559299,0.14397118031894,0.382143710659038,0.0137195822981536,0.121830289171435,0.0786850038850039,0.177835770290316,0.420435671399308
"76","Rutherford County","MERCY HEALTH SERVICES, INC.",0.733861625767636,"RUTHERFORD COUNTY PRIMARY CARE INC.",0.144061393150257,"MATTHEW WALKER HEALTH CENTER",0.0570616672307034,"TENNESSEE STATE DEPARTMENT OF HEALTH",0.0345520362751971,"MERCY HEALTH SERVICES, INC.",0.0167160494612905,310536,41,12596,82395,69799,297940,24090,41731,242472,0.156614525091305,NA,NA,NA,0.381060123075749,0.255810786003623,0.355455262441851,NA,0.294741994628223,0.0808440883808641,0.149541438047086,0.0349395885869271,0.00245363496663833,0,0.000221739186438931,0.766300847969929,0.0320724296055852,0.0916789012768262,0.13939622208451,0.768924876639555,0.182422308524616,0.10148581806906,0.313813757735013,NA,0.0823835639313961,0.0761634367673957,0.131334102970348,NA
"77","Scott County","MOUNTAIN PEOPLE'S HEALTH COUNCILS, INC.",0.89218603655657,"MORGAN COUNTY HEALTH COUNCIL, INC.",0.0628525484809364,"COMMUNITY HEALTH OF EAST TENNESSEE",0.0229969500445101,"CUMBERLAND FAMILY MEDICAL CENTER",0.0141557871062085,"CHEROKEE HEALTH SYSTEMS",0.00673590910232182,23516,29,10651,11352,701,12865,466,3184,8120,0.943890875441436,0.452925667628249,0.799199872218213,0.50613468399738,0.16540699494039,0.300080229801446,0.534512775282506,0.219950524748256,0.0278108507603334,0.00901513709644497,0.00535805238986222,0.000340193256080966,0.0025515558768498,0,0,0.978397685432897,0.0125418438509951,0.0994121857210623,0.282893346891104,0.617694467412175,0.180471423711516,0.166865113097687,0.531266340023814,0,0.213173967086239,0.0822921840449056,0.33722665419289,NA
"78","Sequatchie County","OCOEE REGIONAL HEALTH CORPORATION",0.7235772358,"ERLANGER MEDICAL CENTER",0.1463414634,"CHEROKEE HEALTH SYSTEMS",0.0731707317,"TENNESSEE STATE DEPARTMENT OF HEALTH",0.0569105691,NA,0,11777,4,246,4706,4460,11531,1412,2842,7364,0.0522736932,0.0208881719,0.0649006623,0.0169491525,0.3983739837,0.1991869919,0.4024390244,0.17680757,0.06427783,0.03931392,0.00280207,0,0.00017,0,0,0.97503609,0.021,0.1272757923,0.2436783547,0.629045853,0.168,0.2187314257,0.507208,0.0170493294,0.208674,0.102,0.295,0.667
"79","Sevier County","CHEROKEE HEALTH SYSTEMS",0.7708588485826,"RURAL MEDICAL SERVICES, INC.",0.223644138105,"CHATTANOOGA-HAMILTON COUNTY HEALTH DEPARTMENT",0.00549701331240077,NA,0,NA,0,99768,14,4944,37070,32126,94824,12571,16984,64411,0.136536093024704,0.049554967523268,0.0751685878778436,0.114209701143564,0.207244067563524,0.437643875311073,0.355112057151512,0.134529971712774,0.0982880289592855,0.056390826231457,0.00935169579023334,0.00779809363773956,0.00428018059898966,0,0.000217304145617833,0.946064869596865,0.0222525258599952,0.137813346108897,0.194118196206439,0.668068457651827,0.14730832531473,0.194501242863875,0.403167114776281,0.023302862741383,0.143619954293962,0.0851299615107048,0.207366991420095,0.560359734584235
"80","Shelby County","CHRIST COMMUNITY HEALTH SERVICES, INC.",0.727856954545763,"MEMPHIS HEALTH CENTER",0.201696050737073,"CHEROKEE HEALTH SYSTEMS",0.0439037554071328,"TRI-STATE COMMUNITY HEALTH CENTER",0.0166211161841495,"NORTHEAST MISSISSIPPI HEALTH CARE, INC.",0.0067559314127002,941891,147,80239,359853,279614,861652,80181,141507,621033,0.184764031686534,NA,NA,NA,0.457902594952248,0.32304026499617,0.217855302467404,NA,0.640618712876989,0.0638322261976598,0.534934509392467,0.026198360229793,0.00187608236409521,0,2.3810610781927e-05,0.393029553728786,0.0166565759732283,0.121050071046027,0.186399441367754,0.692550487591724,0.180166924835252,0.13155131539446,0.40025030746976,NA,0.119426849470905,0.0719264023119448,0.151632486136931,NA
"81","Smith County","TENNESSEE STATE DEPARTMENT OF HEALTH",0.91500267276954,"UNITED NEIGHBORHOOD HEALTH SERVICES, INC DBA NBHD HLTH",0.076720786294329,"HOPE FAMILY HEALTH SERVICES",0.00827654093613147,NA,0,NA,0,18286,15,908,7399,6491,17378,1672,3769,11942,0.131380524774376,0.0496554741280652,0.188365246198228,0.0819700232371213,0.433689019889451,0.379572849670103,0.186738130439708,0.196640403847752,0.080225307968938,0.0285464294339932,0.0306792101651537,0.00404681237285355,0.00563266416930985,0,0,0.9273761333944,0.0203530569834846,0.112900801021541,0.224428007435267,0.662671191575872,0.170310948266433,0.16438805641721,0.436676650114842,0.00417481646866455,0.164258856174122,0.0737173794159466,0.223743082139342,NA
"82","Stewart County","TENNESSEE STATE DEPATMENT OF HEALTH",0.818256835913354,"MATTHEW WALKER HEALTH CENTER",0.0675427801002987,NA,0,NA,0,NA,0,14063,7,999,4452,3453,13064,563,1866,10282,0.276561670900177,NA,NA,NA,0.428197212309955,0.260859157658885,0.196743246048816,0.131424104334779,0.0859702786233379,0.0363364851831046,0.009741878359525,0.00682642317073171,0.00234679442508711,0,0,0.939131054021901,0.0317069615302567,0.0762899607600441,0.1576404151048,0.766069624131153,0.164213823508497,0.1873711156905,0.502418446633009,0.00229933659170874,0.12342628301216,0.152448766266088,0.24259958757022,0.551735333854796
"83","Sullivan County","RURAL HEALTH SERVICES CONSORTIUM, INC.",0.75845550006859,"SOUTHWEST VIRGINIA COMMUNITY HEALTH SYSTEMS, INC.",0.175822344823471,"EAST TENNESSEE STATE UNIVERSITY",0.0399748218777954,"ST. CHARLES HEALTH COUNCIL, INC.",0.0152288139426984,"ST. CHARLES HEALTH COUNCIL, INC.",0.00604360074879993,160615,30,7632,60544,52912,152983,12371,25885,113770,0.122134736894603,0.047517355143311,0.145066750001478,0.0832010215170078,0.294629219962178,0.299815011440283,0.405555768617815,0.161339950157831,0.0688167368730193,0.0193755264855088,0.0203530184455375,0.00658095479774616,0.00126401296267472,0,0.000754443856426859,0.94050369151337,0.0238606917162158,0.0908757138965701,0.177653048591425,0.731471237494498,0.144745851881829,0.21548423249568,0.486778410067553,0.00320379658188961,0.12746635527815,0.0976244746754662,0.238056264981477,0.633435868380911
"84","Sumner County","HOPE FAMILY HEALTH SERVICES",0.630542587365411,"UNITED NEIGHBORHOOD HEALTH SERVICES, INC DBA NBHD HLTH",0.212693327611446,"MATTHEW WALKER HEALTH CENTER",0.0885248883252126,"UNIVERSITY COMMUNITY HEALTH SERVICES, INC. D/B/A CONNECTUS HEALTH",0.0565836378509217,"MERCY HEALTH SERVICES, INC.",0.011655558847009,170010,21,3495,41062,37567,166515,13396,21944,135774,0.0715140875700412,0.0205576142233922,0.0978110358123916,0.0224123687115823,0.607560842788004,0.134709140303512,0.257730016912427,0.0920998003987413,0.158261281169755,0.0482618657837186,0.0734956783310982,0.0133051018992412,0.0021939534733251,0,0.000100723486853714,0.872125167528381,0.0231195223810364,0.0856474076909929,0.129694511277723,0.78465808100691,0.176963831539321,0.152608670065455,0.36183244440327,0.010029632736739,0.107923314134463,0.0852897770719369,0.17441624610317,0.421384924416211
"85","Tipton County","CHRIST COMMUNITY HEALTH SERVICES, INC.",0.79057899143328,"HARDEMAN COUNTY COMMUNITY HEALTH CENTER",0.161015011437177,"CITIZENS OF LAKE COUNTY FOR HEALTH",0.0484059971295433,NA,0,NA,0,59736,11,453,18136,17683,59283,4883,9165,44692,0.0259355026970001,0.00758336681543123,0.057682133965977,0.0064467222626808,0.666323580356691,0.13328756398561,0.200388855644653,0.120283448966285,0.253933975391221,0.0282409285136266,0.194673228466921,0.00825298022783581,0.00269518777621535,0,0,0.766539441079918,0.0211925806883621,0.0879048958909652,0.156147032980384,0.755948071111899,0.186802363733762,0.141907727343351,0.418762467155484,0.00384103385102953,0.121285367399893,0.127019954466318,0.20006393129771,0.518970587250569
"86","Trousdale County","UNITED NEIGHBORHOOD HEALTH SERVICES, INC DBA NBHD HLTH",0.6417910448,"HOPE FAMILY HEALTH SERVICES",0.2281449893,"TENNESSEE STATE DEPARTMENT OF HEALTH",0.1300639659,NA,0,NA,0,9305,3,469,2712,2243,8836,706,1493,5634,0.1729351032,0.0504030091,0.243301179,0.0526649746,0.4840085288,0.1769722814,0.3390191898,0.1150358,0.16227834,0.0118216,0.09682966,0.01063944,0.005803,0,0,0.84631918,0.037,0.1123825584,0.189833775,0.6977836666,0.139,0.145513165,0.508075,0.0182648402,0.140819,0.084,0.196,0.651
"87","Unicoi County","RURAL HEALTH SERVICES CONSORTIUM, INC.",0.861827146538508,"EAST TENNESSEE STATE UNIVERSITY",0.126520056882049,"HOT SPRINGS HEALTH PROGRAM INC",0.00665874090253887,"CHEROKEE HEALTH SYSTEMS",0.00499405567690415,NA,0,17882,8,2014,7709,5695,15868,1571,2598,11347,0.26007071014164,0.112627222866614,0.301622379405145,0.158878125322324,0.332664261533173,0.238318088569724,0.429017649829683,0.180963707755285,0.068336876509339,0.0488200448216083,0.00335533024941282,0.00279611038138911,0.00100657689296499,0,0,0.964153894342915,0.0153571188905044,0.127805710208064,0.176982440501219,0.695211849290717,0.13112023263617,0.229001230294251,0.504305580248294,0.00329298260507773,0.149881961525556,0.110218431942736,0.259245721955039,0.662623867576334
"88","Union County","CHEROKEE HEALTH SYSTEMS",0.993491358587178,"COMMUNITY HEALTH OF EAST TENNESSEE",0.00650864141282164,NA,0,NA,0,NA,0,15973,4,2823,7100,4277,13150,1370,2410,9484,0.394926361603274,0.176735741571784,0.29411910759357,0.314453454291154,0.205618386271934,0.397516301638083,0.396865312089983,0.221469524381143,0.0303637433049521,0.0100169063369436,0.00613535348150003,0.00100168949727665,0,0,0.0034739873536593,0.977336754682902,0.00972466036436487,0.121282037015958,0.219956783750579,0.658761179223546,0.167297627245978,0.18042947472416,0.532247134539536,0.00104208547664809,0.229643023101484,0.0880716834658486,0.214213735678958,0.740611657171477
"89","Van Buren County","TENNESSEE STATE DEPARTMENT OF HEALTH",0.9104803493,"OCOEE REGIONAL HEALTH CORPORATION",0.0895196507,NA,0,NA,0,NA,0,4020,2,458,2028,1570,3562,283,556,2490,0.2258382643,0.1139303483,0.3229665072,0.2779220779,0.2947598253,0.4672489083,0.2379912664,0.18948718,0.03258706,0.0079602,0.0039801,0,0,0,0,0.97537313,0.021,0.1103776076,0.2033271719,0.6862952205,0.156,0.2089552239,0.584332,0.0020833333,0.250434,0.08,0.299,0.83
"90","Warren County","TENNESSEE STATE DEPARTMENT OF HEALTH",0.955437130568568,"RUTHERFORD COUNTY PRIMARY CARE INC.",0.0339226339953682,"MATTHEW WALKER HEALTH CENTER",0.00431574988583141,"OCOEE REGIONAL HEALTH CORPORATION",0.00431574988583141,NA,0,42813,7,3085,19402,16317,39728,3597,9349,26621,0.159288750915997,NA,NA,NA,0.479176098936148,0.355972628387529,0.162842537002333,0.215231344369234,0.144442104947329,0.0865624886824095,0.0205077913353421,0.00590942081774227,0.00301321834489524,0,0.00156415107560788,0.914511950826852,0.0301279284329526,0.119230963179796,0.245681557211623,0.635087479610997,0.175322915936748,0.175227150614103,0.468759288907575,0.0184156889423166,0.203687157919324,0.0766981524303366,0.263084086609207,0.645061710228202
"91","Washington County","EAST TENNESSEE STATE UNIVERSITY",0.798460125191321,"RURAL HEALTH SERVICES CONSORTIUM, INC.",0.194305877726617,"CHEROKEE HEALTH SYSTEMS",0.0072339971024073,NA,0,NA,0,137997,17,5332,48119,42787,132665,11225,19674,98112,0.108968651160224,0.0386385211347116,0.162460195852874,0.0662035268392588,0.466446767218207,0.256361039665175,0.277192193116618,NA,0.111480683593049,0.0342543685180837,0.0405008803849359,0.0156815026967978,0.00359434454372196,0,0,0.913744499677964,0.020594491184591,0.099488432124631,0.155633036445,0.730950692388656,0.139921780908281,0.1773226954021,0.427445742168308,NA,0.111541226504924,0.10349400349283,0.203674536402965,NA
"92","Wayne County","MAURY REGIONAL HOSPITAL",0.838120381707788,"HARDIN COUNTY REGIONAL HEALTH CENTER",0.135956039442733,"PERRY COUNTY MEDICAL CENTER, INC.",0.0259235788871381,NA,0,NA,0,17167,15,3662,6431,2769,13505,1541,2360,7220,0.611172940842692,0.213316246309408,0.195446393339424,0.265431446164513,0.092782891754896,0.226093496877387,0.681123611380492,0.183981332599755,0.100483485336984,0.0202714511522106,0.06658123235743,0.00768917035766296,0.00145641201141725,0,0,0.916059882716258,0.00505883380905225,0.127187763590243,0.215007506457057,0.65780472995464,0.135067221995689,0.189258461026586,0.584610387138114,0.00157979152360343,0.202341513601678,0.0940730471252985,0.269857692083649,0.559232830430477
"93","Weakley County","HEALTH, TENNESSEE DEPT OF",0.11635959339263,NA,0,NA,0,NA,0,NA,0,31480,1,17,12673,12656,31463,3171,5681,20070,0.0102102102,NA,NA,NA,0.04791277375196,0.0410680917890565,0.0273787278516137,0.195056863278272,0.140216011060038,0.0274777649110546,0.0893583206458069,0.00266836081130877,0.00470141124523507,0,0.00049707750952986,0.877986022858005,0.0154894536213469,0.110142566511245,0.195989964468574,0.69386746899499,0.137055336721728,0.181861499367214,0.480482437420584,0.00480167471404066,0.137200685959339,0.0786552414231258,0.226847204574333,0.695701080050826
"94","White County","TENNESSEE STATE DEPARTMENT OF HEALTH",1,NA,0,NA,0,NA,0,NA,0,28173,4,2035,12976,10941,26138,2284,5240,18772,0.157214727011373,0.0722322791121748,0.263399700253143,0.137085594104046,0.401324628430401,0.409791410029095,0.188883961540503,0.160856691638803,0.064600859321336,0.0247045083203777,0.0209775274880204,0.00195222287083378,0.000248297092961346,0,0,0.95893231427395,0.0181721861356618,0.109612303880527,0.214328968337508,0.676058727781965,0.16311085081461,0.206687253727952,0.513967271501083,0.00125583972811202,0.166936448514535,0.0960288219216981,0.227698612146381,0.799931175238704
"95","Williamson County","MERCY HEALTH SERVICES, INC.",0.844690232226603,"PERRY COUNTY MEDICAL CENTER, INC.",0.0982454000797439,"UNIVERSITY COMMUNITY HEALTH SERVICES, INC. D/B/A CONNECTUS HEALTH",0.0324915825370493,"UNITED NEIGHBORHOOD HEALTH SERVICES, INC DBA NBHD HLTH",0.0204170702529623,"MAURY REGIONAL HOSPITAL",0.0034346409668557,253573,36,8424,31644,23220,245149,11355,12807,233236,0.256708823759596,0.033221202589754,0.136075170680951,0.181574640982531,0.238431713662125,0.317993373158666,0.443574913191236,0.0438672217447441,0.157150013953891,0.0474498454507775,0.0461957719906299,0.0408758026933861,0.001257984974741,0,0.0002493759193605,0.883788889245977,0.0226245775378293,0.049824666110255,0.0595627777951336,0.890612556094611,0.204358472708056,0.131965942732237,0.328221916130661,0.011408903192302,0.047051111084382,0.0621705307741755,0.0927220918630927,0.393183189850654
"96","Wilson County","UNITED NEIGHBORHOOD HEALTH SERVICES, INC DBA NBHD HLTH",0.692079335836125,"MATTHEW WALKER HEALTH CENTER",0.135404725986617,"UNIVERSITY COMMUNITY HEALTH SERVICES, INC. D/B/A CONNECTUS HEALTH",0.0918680285760881,"RUTHERFORD COUNTY PRIMARY CARE INC.",0.0404543127097214,"MERCY HEALTH SERVICES, INC.",0.0314620311390639,128346,19,2747,27825,25078,125599,8132,19003,104267,0.0897061659444315,0.0214030822741059,0.169907197309488,0.020484662967953,0.651867747719806,0.146765360904845,0.201366891380175,0.0805915322962928,0.150024151505696,0.0388792813202593,0.0732551067985757,0.0172814097852679,0.00377084483349695,0,0,0.876708270555763,0.0169734467766818,0.0745011471254523,0.145435736854807,0.780063116070009,0.177216173468593,0.154792513961247,0.366295017211288,0.0131725897025953,0.0865544843937481,0.0868640316020756,0.161498426129369,0.490029584092999
